{"cbrssdr1-browning-comp": {"cbrssdr1-fm-comp": [[22.86407520379818, -5.521860556917676], [21.67734001021323, -6.358709853245072], [19.64881850780669, -6.082278425116646], [16.732336598251752, -6.174484269232615], [22.390260840519893, -5.668003087577437], [21.539678907195693, -6.493542406396578], [20.791957786302735, -5.58700287242893], [22.484309076779443, -5.513568140231788], [19.99289271007782, -5.6631438889541155], [22.393376167691706, -5.682095776157951]], "cbrssdr1-ustar-comp": [[24.42261266413726, 11.106700176084258], [25.31249797710915, 11.93750907079081], [25.05368746889411, 11.691776983335377], [25.48357450921769, 12.19368221593993], [24.94745117382884, 11.59481153710064], [25.45399818788645, 11.928829319605647], [24.80931090206188, 11.410133685841297], [24.87211619602116, 11.2573255922939], [24.51185266740287, 11.001759781702189], [24.83637617843553, 11.105294618297323]], "cnode-ebc-dd-b210": [[14.98520167680992, 2.5765865517877358], [16.21513628495353, 3.653861670505676], [15.781724146863692, 3.362577743664553], [15.80990977149595, 3.4936565696304256], [16.033799968757233, 3.4629391509723613], [16.37053878553762, 3.74952522352944], [16.341840243534037, 3.8706421259258574], [14.642744702331392, 2.082899981295782], [16.059764950685008, 3.764402253872023], [16.02809313123202, 3.6607176519031484]], "cnode-guesthouse-dd-b210": [[16.0180741199817, -1.4747684119317461], [16.54931109190495, -1.168762775736603], [17.894922615885807, 0.4337461381191019], [17.11977190776482, -0.6888278942827709], [17.6910655215945, 0.11807237345184622], [16.937249465591307, -0.651032175676616], [8.615798581788328, -9.91655362880579], [18.536134804929024, 1.301176962601489], [14.521186029103397, -3.5528451200963844], [16.383397822911025, -1.419577530145423]], "cnode-moran-dd-b210": [[15.441923067800795, 4.009313206029278], [15.365671658392193, 3.955395025774027], [14.88730853798607, 3.436627266415209], [15.270480566030713, 3.943728169718594], [15.374861019386756, 4.0593482079377345], [16.123273171397777, 5.143542625476616], [15.372810437291061, 4.264439431841426], [16.067276959174357, 4.803127276789986], [15.852729687096103, 4.546502479192728], [15.191614790061758, 3.70332203869855]]}, "cbrssdr1-fm-comp": {"cbrssdr1-browning-comp": [[22.74877292737328, -7.6100007076468135], [23.024380214634853, -7.348402590979455], [22.947385984785228, -7.438905109641285], [22.810280256778075, -7.410409669178551], [22.041603287661534, -8.089794226304186], [22.82841783667465, -7.41537312840444], [21.991138155443117, -7.554967893535216], [22.664297000717426, -7.401184726568073], [23.0758308099127, -7.3385261827596695], [22.59026164719128, -7.536084626754581]], "cbrssdr1-ustar-comp": [[19.290944460063972, -12.622527207787686], [19.278138454892208, -12.467163350157753], [19.67895538981576, -12.428736899951735], [18.8737717746469, -12.978682109074764], [19.547173537876347, -12.586186855415956], [19.638501562973552, -12.321239848658472], [20.03710418277418, -11.93250998864929], [19.672317402652663, -12.27374407741963], [19.957965925302567, -12.098151908432108], [20.11986207869085, -11.820725188452553]], "cnode-ebc-dd-b210": [[8.977174427237685, -4.30065039620478], [9.010014355468407, -4.216034755949326], [8.832902549882444, -4.3983241937267215], [8.183710059972164, -5.038936014557553], [8.795054449120641, -4.413202300649322], [8.51432779960697, -4.798255498937437], [8.421831303932233, -4.8029236757541485], [8.58519398776706, -4.723665390088848], [8.757050668108233, -4.589434162027341], [8.575061102067385, -4.809920788567571]], "cnode-guesthouse-dd-b210": [[8.925818632751017, -9.886961200348019], [8.927257242520927, -9.650158747139164], [8.628956160697694, -10.311506964287545], [8.864977693177176, -9.848671776989002], [8.65253453667308, -9.958167050283727], [8.911404724595013, -9.717736331348664], [8.717938200730446, -9.947671388733001], [8.795393614194825, -9.948695547147924], [8.894350872084784, -9.802222805405773], [8.853345110322847, -9.841261924836427]], "cnode-moran-dd-b210": [[8.463893375908336, -3.453468256135668], [8.7367316536893, -3.2331275032061275], [8.88791158803474, -3.037123324888965], [8.44672749272891, -3.48605540119415], [8.567927629392214, -3.1655710988205756], [9.046664406360858, -2.9243209492628432], [8.745564048479832, -3.259640139800382], [8.880831398869844, -3.05814788222116], [8.610702307210582, -3.304010814707923], [9.11952029637045, -2.791147789073614]]}, "cbrssdr1-ustar-comp": {"cbrssdr1-browning-comp": [[25.384715509181433, 10.662222506679726], [25.37330574570732, 10.667830096521838], [25.103248235172522, 10.52972654081109], [24.701508209500886, 10.103911632178475], [25.291654339841926, 10.79293959443387], [24.1448498010701, 9.697793505237694], [24.21571438862714, 10.090380843958425], [24.167895713580222, 9.946869999524617], [25.184437957649855, 10.610905599690279], [24.206089263453183, 9.845826035986992]], "cbrssdr1-fm-comp": [[13.410338435982505, -9.881126544159455], [19.472200348016745, -10.821508876876596], [19.231148769847326, -11.1536890025037], [18.913984893178707, -11.429825179531537], [19.03916128784334, -11.2095535316352], [18.996878157912885, -11.871850037090459], [16.03645041105248, -10.367986282457803], [17.16098663247167, -9.603405788281146], [9.766798489948856, -14.213558698382268], [NaN, -6.4912432451759]], "cnode-ebc-dd-b210": [[8.750806784178337, -4.225563884094451], [8.23083763570471, -5.126624812821486], [8.547641853012433, -4.463441158939975], [8.827667770490295, -4.173384589952074], [8.641211467503865, -4.358149557513177], [14.299569974516274, 1.6458294202045942], [8.593981896106547, -4.553681627342686], [8.930782194189241, -4.084205274138158], [9.18842284547894, -3.8251307782550414], [8.648625005756559, -4.5220715615024885]], "cnode-guesthouse-dd-b210": [[8.569047623301953, -11.894792676190173], [8.450033284146626, -11.876501097250989], [15.124241054418256, -2.9012076699816025], [8.966061476662047, -9.39153771750825], [18.096801245235557, 0.6498418045924945], [17.95275913018958, 0.27978166326560594], [14.661311339946437, -3.4110594729465253], [8.819418541889757, -9.576891605309052], [15.540908881335154, -2.2631678080118176], [18.450830991418556, 1.3452772645978799]], "cnode-moran-dd-b210": [[23.412434403627763, 21.567767845373886], [22.93758821798228, 21.566725835642536], [8.545787189861985, 4.489380171378548], [22.57634205979084, 19.905502692685985], [23.23074618113164, 20.669870062320193], [23.329713529450903, 20.270390716356864], [8.524336120212004, 3.5355928769013163], [23.07332259322497, 20.29430587048107], [8.655773808467762, 3.239993484925423], [22.90264693683387, 21.10258817242785]]}, "cnode-ebc-dd-b210": {"cbrssdr1-browning-comp": [[NaN, -19.227423071198807], [6.286722549000261, -20.280582463688518], [8.587376851311303, -26.24724989663807], [NaN, -18.90990273198875], [8.753932177190126, -25.98699998577288], [8.829714827541807, -25.487938098312565], [8.916153231520651, -25.771957697767277], [8.609704420870912, -25.525498986870424], [NaN, -17.865031048575673], [8.701718167208774, -26.008511188015724]], "cbrssdr1-fm-comp": [[16.071881209223434, -9.483450777071486], [NaN, -11.655301592078924], [7.597132494489696, -18.533863091814514], [NaN, -12.67128142105448], [8.688927226554569, -23.912684262315512], [NaN, -10.147863162195012], [10.913547997229037, -6.951706410691086], [9.149515978635446, -22.927802437493305], [11.330034454972669, -18.95722255601108], [NaN, -7.0210092876165175]], "cbrssdr1-ustar-comp": [[8.527114729046302, -25.3934526151092], [9.024182048019444, -24.53281522975251], [8.881056479251695, -24.88499929761968], [9.031432560318196, -24.402240974967793], [8.911670023893572, -24.58871049130734], [8.514698697837295, -25.18056499689386], [8.376195358220276, -25.395673095607716], [8.826052997584386, -24.75076197605821], [8.57665638745562, -25.08973824908837], [8.68746872860572, -25.00733972926689]],