{"cbrssdr1-browning-comp": {"cbrssdr1-fm-comp": [[21.95162561261916, -6.0361725646465425], [21.845982951448228, -6.3681670396273296], [22.974431935789998, -5.304402206722375], [22.7380104934088, -5.380324458789446], [21.903847639527143, -5.5914841605793875], [15.604994388476879, -6.6212213875486245], [19.784055608583586, -5.912545937315821], [19.76293328936376, -5.3326466626219595], [20.162048103459664, -5.724783980631313], [9.833747094040708, -4.455461810745206]], "cbrssdr1-ustar-comp": [[25.067363311796008, 11.560094922299214], [24.59396539314536, 11.177270511039993], [25.296905881568485, 11.790578739568058], [25.02878746213373, 11.391324125965262], [25.42445520509538, 12.107614502573423], [25.51780546388447, 12.25596613025499], [25.41999660145054, 11.866491967229129], [24.200595830237063, 10.901153960346136], [25.45205608528127, 12.10395895029961], [25.387146476625745, 11.986856696524452]], "cnode-ebc-dd-b210": [[17.24457751153294, 3.8616352205779103], [17.18545472536669, 4.018572018965591], [17.131784018732418, 3.929497585856836], [17.114654477210244, 4.056373420843458], [16.814821576023885, 4.4088354194941966], [15.959280516157877, 3.3939415927504917], [16.92119329735648, 4.343977656937434], [16.58818261044505, 4.01156931338904], [16.773750870381292, 3.7103751165061145], [16.628553716852746, 4.010988823386613]], "cnode-guesthouse-dd-b210": [[18.873347204310974, 1.8328478640293775], [18.52408224965934, 1.5606484057085006], [18.039944407740467, 0.8507650169423844], [17.05225218444966, -0.31506052692730224], [17.70572971182977, 0.42168829018494697], [18.802681257196127, 1.6284584974040968], [17.74942308924934, 0.47794570128000524], [16.020833191098205, -1.702333799291398], [15.868739772267475, -2.014046791793978], [8.86159494682969, -9.434932151770827]], "cnode-moran-dd-b210": [[15.432228383320501, 4.312038208767332], [16.21747396688371, 5.482877611369744], [15.19038164183053, 4.30493003930169], [15.22045002803235, 4.119891944191259], [16.273486296813132, 5.301431919538367], [15.638089723078199, 4.619348443969936], [16.233710351021323, 5.250867132776845], [16.09324297615735, 5.301526728199379], [15.660180200722863, 4.7540691773109325], [15.46514649823976, 4.458875320618606]]}, "cbrssdr1-fm-comp": {"cbrssdr1-browning-comp": [[22.516636865811716, -7.625317648564382], [23.194543868079517, -6.948109572614619], [23.253302939637457, -6.890660920464158], [22.071362194160052, -7.347341149332483], [22.509882456343227, -7.480076982165281], [22.6400475129864, -7.415522714795198], [21.906248681083966, -7.999973410154507], [22.585165193040986, -7.438775031388632], [22.936989801840163, -6.9986925157928095], [22.74436023081344, -7.291894813277988]], "cbrssdr1-ustar-comp": [[19.91531846634591, -11.895714310026227], [20.04954510069674, -11.679284405462196], [19.44613843910878, -12.25663232491552], [20.29125740433484, -11.381187962318561], [20.224428007314973, -11.415188401515648], [19.882529570196077, -11.894314934812192], [19.79350863909866, -11.964158418059242], [20.7316079117005, -11.080355447337645], [20.06002650191508, -11.74322039274707], [20.23663121771387, -11.70932508539989]], "cnode-ebc-dd-b210": [[9.099167068720527, -5.416394487331503], [8.898972156927856, -5.899567754458637], [8.462690745989928, -5.893190337899002], [8.552993181457575, -5.945824638043282], [8.40078448055526, -6.073886334891762], [8.526313743285101, -6.111646992747156], [8.855244947178369, -5.583017420783607], [8.849239274967744, -5.861618274305014], [8.531731751033304, -6.018992155238089], [8.736102741157847, -5.752574807305445]], "cnode-guesthouse-dd-b210": [[8.718938603812765, -9.862254141573162], [8.510276945590363, -10.05614083209932], [8.91170643203656, -9.591824946594631], [8.898359667091215, -9.62078919730979], [8.307873439250564, -10.217108092229308], [8.591140216438568, -10.091039405791218], [8.562885320762266, -10.009534042383255], [8.36809995495612, -10.25150367941218], [8.348020125652186, -10.176014635068501], [8.468414307041947, -10.090908696515672]], "cnode-moran-dd-b210": [[8.55340620558121, -2.959098033391681], [8.560498110331928, -2.877753806739745], [8.4919989654732, -3.1192558741160297], [8.746704739015343, -2.8571169928316644], [8.797623251337846, -2.7850594251662173], [8.698135263355606, -2.8288280087110698], [8.753397558325377, -2.9252554755281834], [8.671819581728442, -2.8814132250317837], [9.041094679173947, -2.566494150254268], [9.062681964942067, -2.6168965897899072]]}, "cbrssdr1-ustar-comp": {"cbrssdr1-browning-comp": [[24.819621258157348, 10.635728007799404], [24.559112480652626, 10.480295835577138], [24.43504491918818, 10.324491439126401], [24.61183101545963, 10.588999504336044], [24.958363472897442, 10.801660597756086], [24.984182824811434, 10.857758528165405], [25.219407274219808, 11.052168333384918], [25.338433587889266, 11.257859468042925], [24.462993148187508, 10.275379446113476], [25.39878390622092, 11.077107564528742]], "cbrssdr1-fm-comp": [[7.863290738118243, -8.720898906490184], [19.423635563561362, -11.316733566507555], [16.960462908219466, -10.596980056052141], [9.88161748832577, -8.729195661488397], [10.15502432423078, -10.70249577944348], [19.721315288996117, -11.051230326426921], [NaN, -7.71849398192583], [18.952958216908925, -10.948082098466596], [19.51726140606701, -11.371203635932387], [19.318383678700066, -11.310651564467848]], "cnode-ebc-dd-b210": [[8.391052426320705, -4.869137985948063], [9.03025505560702, -4.448768279842862], [8.625564119243277, -4.627423010581302], [8.824272081876064, -4.483559587862745], [13.12633234175449, 0.12212037320399344], [8.499927115854394, -4.9659031309611], [13.938868136373744, 0.9120842626545196], [14.875763850512309, 1.898507230068315], [14.328593769761627, 1.4029632945773827], [14.6264281964069, 1.8547811631851463]], "cnode-guesthouse-dd-b210": [[19.179188827635084, 2.385434625050732], [18.126359037159467, 1.0436332687357277], [18.624774318624652, 1.6583343270623065], [18.652983636083963, 1.2772591121036736], [18.68624970747075, 1.6248704417652484], [16.92856290550981, -0.8082305296809766], [19.988294820451504, 3.5632846935798796], [18.67222655299124, 1.7039379034013398], [19.073727173612916, 1.9062632439483915], [19.107395355891416, 2.0334178039866937]], "cnode-moran-dd-b210": [[22.433940232720182, 17.67549208345744], [21.67199538194741, 16.662669563913312], [23.299001368655734, 18.344097639141793], [23.500184668475935, 18.022323047919052], [23.935888664970108, 18.804401319503754], [22.02807833422653, 16.306972989690948], [23.19776733521172, 17.489644360249507], [22.855218901768005, 17.3856748629917], [21.624912018053294, 16.00411438605556], [23.942267762482984, 19.11583951766897]]}, "cnode-ebc-dd-b210": {"cbrssdr1-browning-comp": [[7.593433455525428, -20.431707288429454], [8.498044086643725, -26.292188299188698], [8.766582334704493, -25.883614409326974], [8.971934555063825, -25.898577742831797], [9.550110000687669, -24.505289149853343], [8.592111934250568, -26.12667936843115], [NaN, -16.508026127100447], [12.699415162389837, -21.89674117590423], [8.392470946785869, -26.307691866851073], [9.321783474184812, -24.817718548110456]], "cbrssdr1-fm-comp": [[NaN, -4.442161443121569], [8.39707734117871, -23.8859096848101], [9.25883796178345, -22.9413940404765], [11.842314408317701, -12.434358421814668], [8.906490061139145, -22.830909710144873], [8.854934672958837, -23.731016916179154], [9.228587811703871, -22.90993417214652], [11.960375511133288, -20.1285193715135], [10.33534855386688, -8.989753606449991], [12.803370004726425, -9.848017871801378]], "cbrssdr1-ustar-comp": [[8.97664386356711, -24.736494689697118], [8.634212270474812, -25.015459851757388], [8.761877766759824, -24.901998573653824], [8.338192046183375, -25.488157118822727], [8.859868879589962, -24.824727668962964], [8.43928055373775, -25.245937386817626], [8.471802364886813, -24.99557346081726], [8.697481576361211, -24.825637785996793], [8.723365484996922, -24.831022456663305], [8.685858314647163, -24.889060942889447]],