{"cnode-guesthouse-dd-b210": {"guesthouse-nuc2-b210": [[6.949989361524435, 30.48101727473616], [7.365784825274315, 31.045579636990905], [7.308874528408552, 30.890623176823624], [7.25375143156116, 30.60524190799621], [7.105078681960627, 30.77114031474234], [7.198485652151502, 31.061260908882172], [7.079253786304646, 30.926032113739584], [7.211918353838225, 30.001855767211957], [7.063066499236887, 31.061746006343768], [7.326223838780156, 31.220476213341545]], "moran-nuc2-b210": [[8.839266495266575, 31.550524870828713], [12.349982910250468, 30.20241643819205], [10.210426214596904, 31.62103790872596], [9.373839183814635, 30.798984363799615], [8.971759314238408, 36.84351074860193], [13.405396240453552, 33.21708697255079], [8.707064625418145, 31.88203280480645], [10.108370172346905, 30.800897165233106], [10.932983450563565, 30.92068648966691], [11.394272204714964, 31.933646739911268]]}, "guesthouse-nuc2-b210": {"cnode-guesthouse-dd-b210": [[7.020417848829136, 24.49097833311313], [7.130774256844421, 23.640002728975823], [6.898051136371165, 23.686899218265246], [7.117956798635933, 23.135944856385933], [7.120008650802636, 23.66742968131694], [7.038989755098943, 23.011278396973083], [7.117562265083194, 23.0157670771424], [6.973297398246622, 23.556615074850598], [6.995144045258415, 23.60875721367213], [7.084684632631683, 23.791035640958846]], "moran-nuc2-b210": [[10.789629194109235, 29.570987973211945], [12.684124354855822, 34.644302630515654], [10.359011680443507, 29.006295711284654], [9.081570331712518, 31.616131379121168], [11.798312163800826, 31.611603380622153], [14.92407775793228, 32.05688897410079], [11.227722640772475, 31.92636791021792], [10.306421812317, 33.73425228521681], [7.990705139703804, 32.50948682960471], [13.343905190839447, 37.361011171390864]]}, "moran-nuc2-b210": {"cnode-guesthouse-dd-b210": [[7.75402348532112, 16.056844666788933], [7.953786288740972, 14.922169965149168], [7.894403278764277, 16.755795798223474], [8.087855870023938, 15.720040749958525], [7.6819003629879195, 15.790351199555182], [7.4121917771387675, 14.496698911419276], [8.086246911339126, 15.79755495660018], [7.238849538868996, 14.983656464486854], [7.920337124656962, 15.91275118649313], [8.018896756497547, 16.409806011267708]], "guesthouse-nuc2-b210": [[7.608317787075004, 19.853094449544248], [7.828898352951952, 23.659081927458384], [8.667237965403293, 23.034110996573098], [9.160448546811153, 24.27335449569725], [8.339166740677744, 24.249344275040805], [8.278816001143692, 23.632280255746927], [7.980839169321138, 21.532957708958747], [8.250211936562414, 22.552552843439496], [7.975220716482056, 22.106540477883257], [7.688655162830706, 22.911910897527655]]}}