{"cbrssdr1-fm-comp": {"cbrssdr1-honors-comp": [[9.290111553630831, 17.541341060331817], [9.891400607763112, 20.216167396631622], [9.229972927349055, 20.948634239118963], [9.191068270446895, 15.350691226114462], [11.494895542168157, 17.535656924936763], [10.015304718812052, 15.716078550633647], [9.190451514145654, 14.476348721635047], [11.35815864559178, 17.63828585493708], [11.4897466453885, 19.766538238633792], [11.770303041381393, 20.555950905518806]], "cbrssdr1-hospital-comp": [[9.197202662385608, 12.51598234732449], [8.724803264403251, 14.487496367894263], [8.798874033378576, 13.090731084852347], [8.701725584079846, 9.67360526892523], [8.438623860517005, 8.74999895293707], [8.339562293773996, 9.137327028843657], [7.96463868505474, 8.823925346352976], [8.39376743640183, 9.630528158286504], [7.9850619947120824, 9.164433819061852], [8.470295416022715, 9.492798285978294]], "cbrssdr1-smt-comp": [[8.560255755347924, 19.093059024586378], [8.740870683723008, 19.220361951139758], [8.804816988119267, 19.37153530915975], [8.793715649261145, 9.733178621647653], [9.71875842972541, 12.609107150663082], [9.055338866199872, 13.00817165283618], [8.814795839179602, 9.949888033723681], [9.288493604058765, 9.830159937130357], [8.695197346822649, 9.618334136560577], [9.594105847377474, 12.638117573904768]], "cnode-ebc-dd-b210": [[8.521201661439783, 29.95735857364909], [8.856865400372802, 29.815614250406913], [8.926410595312293, 29.85724904634229], [8.775963406485763, 29.97141848082078], [8.85467429182501, 30.16655721854423], [8.488423511815958, 29.29164646149133], [9.13973067638113, 30.4362754982047], [8.888211872243213, 29.9677136096763], [8.454262549788345, 29.1954245770797], [8.637147324597214, 30.334553811943408]], "cnode-guesthouse-dd-b210": [[8.849500003229764, 24.9237690020807], [9.261189541991627, 26.53443695020673], [8.588911716365072, 24.694217209823243], [8.440162870954845, 24.408700875884854], [8.57047303722592, 24.530734049601236], [9.058353959369295, 26.067203916898723], [8.987499505913748, 25.645477387433992], [10.230096499252355, 27.295109185027474], [8.636533457278352, 25.625413730141776], [8.918360731300979, 25.199158707439388]]}, "cbrssdr1-honors-comp": {"cbrssdr1-fm-comp": [[8.79338557279954, 13.04263417761678], [NaN, 23.146309716710988], [8.748970607703415, 16.07846344675074], [9.109064098672757, 15.141112988036632], [10.668707125959159, 27.56963953758965], [9.023713812411456, 12.388845576013576], [9.863695242506514, 16.382364461987493], [8.89433789797475, 14.391180546868931], [11.051591902862858, 24.7764594028291], [9.18138813409335, 12.179942687042285]], "cbrssdr1-hospital-comp": [[8.54502707629578, 40.08599250393551], [8.393943416208069, 39.85006685224208], [8.431594388655135, 40.428581272566475], [8.805096250856105, 10.670381048088295], [8.817932845606038, 9.417659538655167], [8.235653763791731, 9.138539548355983], [8.399500228767504, 9.335473294236724], [8.530022633385094, 9.473241895680125], [8.350374060729845, 8.774699566758635], [8.783343710537828, 9.082462982462529]], "cbrssdr1-smt-comp": [[7.962186128108853, 23.480832277764982], [8.027598579631437, 22.776496902844585], [8.369042589865504, 23.14649444461571], [9.632730571305498, 12.258017177062118], [8.8881200871277, 12.30394800313648], [9.831553010769593, 11.691227230734922], [8.750501740812277, 12.095765331485751], [9.035278990008072, 9.912783979418018], [9.443197888630877, 11.197276609546092], [8.8330514896657, 9.653436469398955]], "cnode-ebc-dd-b210": [[8.518483887996194, 42.26665474640864], [8.488086267124078, 42.00055214132766], [8.85217094076883, 42.37195959524094], [8.857642213909454, 42.89344480897395], [8.549903334933097, 29.572343314789684], [8.154002681767263, 28.8881517210786], [8.430811488541025, 29.72317477267941], [8.430540293025809, 29.068322042219936], [8.829181349646042, 29.3418288480258], [8.88894756558656, 29.73973819170199]], "cnode-guesthouse-dd-b210": [[8.109732807307493, 43.77263854552042], [10.888199524649739, 46.57086566632], [8.276733175570548, 44.34549428374904], [8.24692121785071, 47.518736291517016], [8.814927381028557, 24.893685133930667], [8.887152331056669, 25.586259186307096], [9.046625013494562, 25.820952595825727], [8.660617497787246, 25.156009626308496], [9.179930658590372, 26.133919482916077], [8.459341941179842, 24.900466115920782]]}, "cbrssdr1-hospital-comp": {"cbrssdr1-fm-comp": [[10.044813825314144, 15.036179708919082], [13.38139819028372, 20.06473352841335], [9.930154747210985, 24.346780743481162], [NaN, 22.55266112774747], [10.942005815004974, 16.27803911962185], [10.543694815857833, 16.27485247842416], [10.381216725783652, 15.552582356855858], [9.634332081891685, 13.315595516388314], [NaN, 25.525267769154688], [9.778256232711989, 14.850715625241651]], "cbrssdr1-honors-comp": [[8.488984318955254, 39.43408774945794], [8.576474523038403, 39.46379066810371], [8.432312398557029, 38.991053724655046], [10.21219864660823, 21.430625995943213], [8.906648191110808, 16.067934079160075], [10.898826563231708, 18.614029644352364], [11.392427327796211, 18.88316252568616], [9.233011431402332, 16.955260947809236], [10.755665366688653, 16.956437724495377], [12.738388247256381, 19.635542584037783]], "cbrssdr1-smt-comp": [[8.746730889040059, 16.21336238572773], [8.592037298057754, 15.742678728853203], [8.918489002980344, 15.491807118114703], [8.897072089293495, 12.778135874080608], [9.204011653666871, 13.135775329613491], [8.718701963870528, 10.231633157095448], [8.917351706516744, 12.602164074088012], [9.13662301079185, 10.136481543374558], [8.865731881967386, 12.757973576854894], [10.325914703936823, 13.882229594479437]], "cnode-ebc-dd-b210": [[9.31088630066069, 37.08090745641049], [8.864417475481964, 36.56814676219126], [9.247788766872217, 36.9045207108087], [8.678592662752063, 36.39577102210715], [8.840086977134282, 29.873383637558938], [8.986739819906411, 29.806581280614864], [8.78720746938512, 29.704338073234467], [8.971692200479376, 30.246575098072604], [9.276573751114542, 30.520926261251518], [8.93294523884726, 29.60043449403171]], "cnode-guesthouse-dd-b210": [[8.699071059718126, 44.65669675354454], [8.62361762375556, 44.616359736581934], [8.726135130758701, 44.703878938095336], [8.716577559106142, 44.387071544766634], [8.860296405983593, 25.040092673835534], [8.389735596132654, 24.211633558688842], [8.745418123794233, 25.387888975218228], [8.988423541535079, 25.286592634661737], [8.855027526694219, 25.150105806505216], [9.362185323495737, 25.506611871041965]]}, "cbrssdr1-smt-comp": {"cbrssdr1-fm-comp": [[9.978538949437851, 19.66781394260253], [8.580463938620106, 20.841285718458643], [8.426916748586823, 26.01040142103677], [9.397101614413545, 15.30917408371723], [8.668676726110162, 11.704297015296516], [8.43193629480378, 11.834773817576902], [11.837727342527561, 19.460975963227465], [12.505023766349579, 24.101408638964795], [13.15720446878064, 31.01242838554917], [NaN, 24.19362069283273]], "cbrssdr1-honors-comp": [[NaN, 30.098918860690333], [8.627847499262572, 24.880010275282032], [8.375641470980886, 24.27546873776382], [12.614717949607755, 20.72289880927113], [9.419475968043379, 17.11930880316028], [11.519952274960195, 17.733404990166267], [9.573117137896615, 17.128707856795508], [8.8030407955403, 14.749679078055163], [9.406194592544994, 15.576085606567409], [10.187920104839396, 20.19001704547099]], "cbrssdr1-hospital-comp": [[9.266442459163809, 14.783279180336093], [8.788866924464942, 14.840032196300928], [8.960677781992985, 15.312752486817216], [8.744474675329629, 9.345110289448021], [8.288543487061343, 9.105449240410714], [8.928977638510643, 9.532526879577468], [8.69376704021655, 9.228427344580153], [8.58657846073917, 9.11947904033132], [8.848264862061866, 9.408088932313387], [8.424106313781705, 10.396837133962094]],